NO.,Project,EventId,EventTemplate,Manual_Emotion,Manual_Sentiment
1,BGL,E1,<*>:<*> <*>:<*> <*>:<*> <*>:<*>,,
2,BGL,E2,<*> <*> <*> BGLERR_IDO_PKT_TIMEOUT connection lost to node/link/service card,,
3,BGL,E3,<*> correctable errors exceeds threshold (iar <*> lr <*>,,
4,BGL,E4,<*> ddr error(s) detected and corrected on rank <*> symbol <*> over <*> seconds,,
5,BGL,E5,"<*> ddr errors(s) detected and corrected on rank <*> symbol <*>, bit <*>",,
6,BGL,E6,<*> double-hummer alignment exceptions,,
7,BGL,E7,<*> exited abnormally due to signal: Aborted,surprise,negative
8,BGL,E8,<*> exited normally with exit code <*>,,
9,BGL,E9,<*> floating point alignment exceptions,,
10,BGL,E10,<*> L3 <*> error(s) (dcr <*> detected and corrected over <*> seconds,,
11,BGL,E11,<*> L3 <*> error(s) (dcr <*> detected and corrected,,
12,BGL,E12,<*> microseconds spent in the rbs signal handler during <*> calls. <*> microseconds was the maximum time for a single instance of a correctable ddr.,,
13,BGL,E13,<*> PGOOD error latched on link card,,
14,BGL,E14,<*> power module <*> is not accessible,,
15,BGL,E15,<*> TLB error interrupt,,
16,BGL,E16,<*> torus non-crc error(s) (dcr <*> detected and corrected over <*> seconds,,
17,BGL,E17,<*> torus non-crc error(s) (dcr <*> detected and corrected,,
18,BGL,E18,<*> torus receiver <*> input pipe error(s) (dcr <*> detected and corrected,,
19,BGL,E19,<*> torus receiver <*> input pipe error(s) (dcr <*> detected and corrected over <*> seconds,,
20,BGL,E20,<*> torus <*> <*> <*> error(s) (dcr <*> detected and corrected,,
21,BGL,E21,<*> torus <*> <*> <*> error(s) (dcr <*> detected and corrected over <*> seconds,,
22,BGL,E22,"<*> total interrupts. <*> critical input interrupts. <*> microseconds total spent on critical input interrupts, <*> microseconds max time in a critical input interrupt.",,
23,BGL,E23,<*> tree receiver <*> in re-synch state event(s) (dcr <*> detected,,
24,BGL,E24,<*> tree receiver <*> in re-synch state event(s) (dcr <*> detected over <*> seconds,,
25,BGL,E25,Added <*> subnets and <*> addresses to DB,,
26,BGL,E26,address parity error..0,,
27,BGL,E27,auxiliary processor.........................0,,
28,BGL,E28,Bad cable going into LinkCard <*> Jtag <*> Port <*> - <*> bad wires,sadness,negative
29,BGL,E29,BglIdoChip table has <*> IDOs with the same IP address <*>,,
30,BGL,E30,BGLMASTER FAILURE mmcs_server exited normally with exit code 13,,
31,BGL,E31,BGLMaster has been started: ./BGLMaster --consoleip 127.0.0.1 --consoleport 32035 --configfile bglmaster.init,,
32,BGL,E32,BGLMaster has been started: ./BGLMaster --consoleip 127.0.0.1 --consoleport 32035 --configfile bglmaster.init --autorestart y,,
33,BGL,E33,BGLMaster has been started: ./BGLMaster --consoleip 127.0.0.1 --consoleport 32035 --configfile bglmaster.init --autorestart y --db2profile /u/bgdb2cli/,,
34,BGL,E34,byte ordering exception.....................0,,
35,BGL,E35,Can not get assembly information for node card,,
36,BGL,E36,capture <*>,,
37,BGL,E37,capture first <*> <*> error address..0,,
38,BGL,E38,CE sym <*> at <*> mask <*>,,
39,BGL,E39,CHECK_INITIAL_GLOBAL_INTERRUPT_VALUES,,
40,BGL,E40,chip select...........0,,
41,BGL,E41,ciod: <*> coordinate <*> exceeds physical dimension <*> at line <*> of node map file <*>,surprise,negative
42,BGL,E42,ciod: cpu <*> at treeaddr <*> sent unrecognized message <*>,,
43,BGL,E43,ciod: duplicate canonical-rank <*> to logical-rank <*> mapping at line <*> of node map file <*>,,
44,BGL,E44,ciod: Error creating node map from file <*> Argument list too long,,
45,BGL,E45,ciod: Error creating node map from file <*> Bad address,sadness,negative
46,BGL,E46,ciod: Error creating node map from file <*> Bad file descriptor,sadness,negative
47,BGL,E47,ciod: Error creating node map from file <*> Block device required,,
48,BGL,E48,ciod: Error creating node map from file <*> Cannot allocate memory,,
49,BGL,E49,ciod: Error creating node map from file <*> Device or resource busy,,
50,BGL,E50,ciod: Error creating node map from file <*> No child processes,,
51,BGL,E51,ciod: Error creating node map from file <*> No such file or directory,,
52,BGL,E52,ciod: Error creating node map from file <*> Permission denied,,
53,BGL,E53,ciod: Error creating node map from file <*> Resource temporarily unavailable,,
54,BGL,E54,"ciod: Error loading <*> invalid or missing program image, Exec format error",,
55,BGL,E55,"ciod: Error loading <*> invalid or missing program image, No such device",,
56,BGL,E56,"ciod: Error loading <*> invalid or missing program image, No such file or directory",,
57,BGL,E57,"ciod: Error loading <*> invalid or missing program image, Permission denied",,
58,BGL,E58,ciod: Error loading <*> not a CNK program image,,
59,BGL,E59,"ciod: Error loading <*> program image too big, <*> > <*>",,
60,BGL,E60,"ciod: Error loading -mode VN: invalid or missing program image, No such file or directory",,
61,BGL,E61,ciod: Error opening node map file <*> No such file or directory,,
62,BGL,E62,ciod: Error reading message prefix after LOAD_MESSAGE on CioStream socket to <*> <*> <*> <*> <*>,,
63,BGL,E63,ciod: Error reading message prefix on CioStream socket to <*> Connection reset by peer,,
64,BGL,E64,ciod: Error reading message prefix on CioStream socket to <*> Connection timed out,,
65,BGL,E65,ciod: Error reading message prefix on CioStream socket to <*> Link has been severed,,
66,BGL,E66,ciod: failed to read message prefix on control stream (CioStream socket to <*>,,
67,BGL,E67,ciod: for node <*> incomplete data written to core file <*>,,
68,BGL,E68,ciod: for node <*> read continuation request but ioState is <*>,surprise,negative
69,BGL,E69,ciod: generated <*> core files for program <*>,,
70,BGL,E70,ciod: In packet from node <*> <*> message code <*> is not <*> or 4294967295 <*> <*> <*> <*>,,
71,BGL,E71,ciod: In packet from node <*> <*> message still ready for node <*> <*> <*> <*> <*>,,
72,BGL,E72,ciod: LOGIN chdir(<*>) failed: Input/output error,,
73,BGL,E73,ciod: LOGIN chdir(<*>) failed: No such file or directory,,
74,BGL,E74,ciod: LOGIN <*> failed: Permission denied,,
75,BGL,E75,ciod: Message code <*> is not <*> or 4294967295,,
76,BGL,E76,ciod: Missing or invalid fields on line <*> of node map file <*>,,
77,BGL,E77,ciod: pollControlDescriptors: Detected the debugger died.,,
78,BGL,E78,ciod: Received signal <*> <*> <*> <*>,,
79,BGL,E79,ciod: sendMsgToDebugger: error sending PROGRAM_EXITED message to debugger.,,
80,BGL,E80,ciod: Unexpected eof at line <*> of node map file <*>,surprise,negative
81,BGL,E81,ciodb has been restarted.,,
82,BGL,E82,close EDRAM pages as soon as possible....0,,
83,BGL,E83,"com.ibm.bgldevices.BulkPowerModule with VPD of com.ibm.bgldevices.BulkPowerModule$VpdReply: IBM Part Number: 53P5763, Vendor: Cherokee International, Vendor Serial Number: 4274124, Assembly Revision:",,
84,BGL,E84,command manager unit summary.....................0,,
85,BGL,E85,Controlling BG/L rows [ <*> ],,
86,BGL,E86,core configuration register: <*>,,
87,BGL,E87,Core Configuration Register 0: <*>,,
88,BGL,E88,correctable <*>,,
89,BGL,E89,correctable error detected in directory <*>,,
90,BGL,E90,correctable error detected in EDRAM bank <*>,,
91,BGL,E91,critical input interrupt <*>,,
92,BGL,E92,critical input interrupt <*> <*> warning for <*> <*> wire,,
93,BGL,E93,"critical input interrupt <*> <*> warning for torus <*> wire, suppressing further interrupts of same type",,
94,BGL,E94,data <*> plb <*>,,
95,BGL,E95,data address: <*>,,
96,BGL,E96,data address space................0,,
97,BGL,E97,data cache <*> parity error detected. attempting to correct,,
98,BGL,E98,data storage interrupt,,
99,BGL,E99,data store interrupt caused by <*>,,
100,BGL,E100,data TLB error interrupt data address space................0,,
101,BGL,E101,dbcr0=<*> dbsr=<*> ccr0=<*>,,
102,BGL,E102,d-cache <*> parity <*>,,
103,BGL,E103,DCR <*> : <*>,,
104,BGL,E104,ddr: activating redundant bit steering for next allocation: <*> <*>,,
105,BGL,E105,ddr: activating redundant bit steering: <*> <*>,,
106,BGL,E106,"ddr: excessive soft failures, consider replacing the card",,
107,BGL,E107,DDR failing <*> register: <*> <*>,,
108,BGL,E108,DDR failing info register: <*>,,
109,BGL,E109,DDR failing info register: DDR Fail Info Register: <*>,,
110,BGL,E110,DDR machine check register: <*> <*>,,
111,BGL,E111,"ddr: redundant bit steering failed, sequencer timeout",,
112,BGL,E112,ddr: Suppressing further CE interrupts,,
113,BGL,E113,ddr: Unable to steer <*> <*> - rank is already steering symbol <*> Due to multiple symbols being over the correctable e,"sadness, surprise",negative
114,BGL,E114,"ddr: Unable to steer <*> <*> - rank is already steering symbol <*> Due to multiple symbols being over the correctable error threshold, consider replacing the card","sadness, surprise",negative
115,BGL,E115,ddr: Unable to steer <*> <*> - rank is already steering symbol <*> Due to multiple symbols being over the correctable,"sadness, surprise",negative
116,BGL,E116,ddrSize == <*> || ddrSize == <*>,,
117,BGL,E117,debug interrupt enable............0,,
118,BGL,E118,debug wait enable.................0,,
119,BGL,E119,DeclareServiceNetworkCharacteristics has been run but the DB is not empty,surprise,negative
120,BGL,E120,DeclareServiceNetworkCharacteristics has been run with the force option but the DB is not empty,surprise,negative
121,BGL,E121,disable all access to cache directory....0,,
122,BGL,E122,disable apu instruction broadcast........0,,
123,BGL,E123,disable flagging of DDR UE's as major internal error.0,,
124,BGL,E124,disable speculative access...............0,,
125,BGL,E125,disable store gathering..................0,,
126,BGL,E126,disable trace broadcast..................0,,
127,BGL,E127,disable write lines 2:4..................0,,
128,BGL,E128,divide-by-zero <*>,,
129,BGL,E129,enable <*> exceptions.........0,,
130,BGL,E130,enable invalid operation exceptions......0,,
131,BGL,E131,enable non-IEEE mode.....................0,,
132,BGL,E132,enabled exception summary................0,,
133,BGL,E133,EndServiceAction <*> performed upon <*> by <*>,,
134,BGL,E134,EndServiceAction <*> was performed upon <*> by <*>,,
135,BGL,E135,EndServiceAction is restarting the <*> cards in Midplane <*> as part of Service Action <*>,,
136,BGL,E136,EndServiceAction is restarting the <*> in midplane <*> as part of Service Action <*>,,
137,BGL,E137,"Error getting detailed hw info for node, caught java.io.IOException: Problems with the chip, clear all resets",,
138,BGL,E138,"Error getting detailed hw info for node, caught java.io.IOException: Problems with the chip, could not enable clock domains",,
139,BGL,E139,"Error getting detailed hw info for node, caught java.io.IOException: Problems with the chip, could not pull all resets",,
140,BGL,E140,"Error receiving packet on tree network, expecting type <*> instead of type <*> <*> <*> <*> <*> <*> <*> <*> <*>",surprise,negative
141,BGL,E141,"Error receiving packet on tree network, packet index <*> greater than max 366 <*> <*> <*> <*> <*> <*> <*> <*>",surprise,negative
142,BGL,E142,"Error sending packet on tree network, packet at address <*> is not aligned",,
143,BGL,E143,"error threshold, consider replacing the card",,
144,BGL,E144,Error: unable to mount filesystem,,
145,BGL,E145,exception <*>,,
146,BGL,E146,Exception Syndrome Register: <*>,,
147,BGL,E147,exception syndrome register: <*> ,,
148,BGL,E148,"Expected 10 active FanModules, but found 9 ( Found <*> <*> <*> <*> <*> <*> <*> <*> <*> ).",surprise,negative
149,BGL,E149,external input interrupt <*>,,
150,BGL,E150,external input interrupt <*> <*> <*> tree receiver <*> in resynch mode,,
151,BGL,E151,external input interrupt <*> <*> number of corrected SRAM errors has exceeded threshold,surprise,negative
152,BGL,E152,"external input interrupt <*> <*> number of corrected SRAM errors has exceeded threshold, suppressing further interrupts of same type",surprise,negative
153,BGL,E153,external input interrupt <*> <*> torus sender <*> retransmission error was corrected,,
154,BGL,E154,external input interrupt <*> <*> tree header with no target waiting,,
155,BGL,E155,external input interrupt <*> <*> uncorrectable torus error,,
156,BGL,E156,floating point <*>,,
157,BGL,E157,floating point instr. <*>,,
158,BGL,E158,Floating Point Registers:,,
159,BGL,E159,Floating Point Status and Control Register: <*>,,
160,BGL,E160,floating point unavailable interrupt,,
161,BGL,E161,floating pt ex mode <*> <*> ,,
162,BGL,E162,force load/store alignment...............0,,
163,BGL,E163,Found invalid node ecid in processor card slot <*> ecid 0000000000000000000000000000,,
164,BGL,E164,fpr<*>=<*> <*> <*> <*>,,
165,BGL,E165,fraction <*>,,
166,BGL,E166,General Purpose Registers:,,
167,BGL,E167,general purpose registers:,,
168,BGL,E168,generating <*>,,
169,BGL,E169,gister: machine state register: machine state register: machine state register: machine state register: machine state register:,,
170,BGL,E170,guaranteed <*> cache block <*>,,
171,BGL,E171,Hardware monitor caught java.lang.IllegalStateException: while executing I2C Operation caught java.net.SocketException: Broken pipe and is stopping,,
172,BGL,E172,Hardware monitor caught java.net.SocketException: Broken pipe and is stopping,,
173,BGL,E173,iar <*> dear <*>,,
174,BGL,E174,i-cache parity error..............0,,
175,BGL,E175,icache prefetch <*>,,
176,BGL,E176,Ido chip status changed: <*> <*> <*> <*> <*> <*> <*> <*> <*> <*> <*>,,
177,BGL,E177,Ido packet timeout,,
178,BGL,E178,idoproxy communication failure: socket closed,,
179,BGL,E179,idoproxydb has been started: $Name: <*> $ Input parameters: -enableflush -loguserinfo db.properties BlueGene1,,
180,BGL,E180,"idoproxydb hit ASSERT condition: ASSERT expression=<*> Source file=<*> Source line=<*> Function=<*> IdoTransportMgr::SendPacket(IdoUdpMgr<*>, BglCtlPavTrace<*>)",,
181,BGL,E181,idoproxydb hit ASSERT condition: ASSERT expression=!(nMsgLen > 0x10000) Source file=idomarshalerio.cpp Source line=1929 Function=int IdoMarshalerRecvBuffer::ReadBlock(IdoMsg::IdoMsgHdr<*>&),,
182,BGL,E182,idoproxydb hit ASSERT condition: ASSERT expression=pTargetMgr Source file=idoclientmgr.cpp Source line=353 Function=int IdoClientMgr::TargetClose(const char<*>),,
183,BGL,E183,idoproxydb hit ASSERT condition: ASSERT expression=!(RecvMsgHdr.ulLen > 0x10000) Source file=idomarshalerio.cpp Source line=387 Function=virtual int IdoMarshalerIo::RunRecv(),,
184,BGL,E184,imprecise machine <*>,,
185,BGL,E185,inexact <*>,,
186,BGL,E186,instance of a correctable ddr. RAS KERNEL INFO <*> microseconds spent in the rbs signal handler during <*> calls. <*> microseconds was the maximum time for a single instance of a correctable ddr.,,
187,BGL,E187,instruction address: <*>,,
188,BGL,E188,instruction address space.........0,,
189,BGL,E189,instruction cache parity error corrected,,
190,BGL,E190,instruction plb <*>,,
191,BGL,E191,interrupt threshold...0,,
192,BGL,E192,invalid <*>,,
193,BGL,E193,invalid operation exception <*>,,
194,BGL,E194,job <*> timed out. Block freed.,,
195,BGL,E195,Kernel detected <*> integer alignment exceptions <*> iar <*> dear <*> <*> iar <*> dear <*> <*> iar <*> dear <*> <*> iar <*> dear <*> <*> iar <*> dear <*> <*> iar <*> dear <*> <*> iar <*> dear <*> <*> iar <*> dear <*>,,
196,BGL,E196,kernel panic,,
197,BGL,E197,L1 DCACHE summary averages: #ofDirtyLines: <*> out of 1024 #ofDirtyDblWord: <*> out of 4096,,
198,BGL,E198,L3 <*> <*> register: <*>,,
199,BGL,E199,L3 major internal error,,
200,BGL,E200,LinkCard is not fully functional,sadness,negative
201,BGL,E201,lr:<*> cr:<*> xer:<*> ctr:<*>,,
202,BGL,E202,Lustre mount FAILED : <*> : block_id : location,,
203,BGL,E203,Lustre mount FAILED : <*> : point /p/gb1,,
204,BGL,E204,machine check <*>,,
205,BGL,E205,MACHINE CHECK DCR read timeout <*> iar <*> lr <*>,,
206,BGL,E206,machine check: i-fetch......................0,,
207,BGL,E207,machine check interrupt <*> L2 dcache unit <*> <*> parity error,,
208,BGL,E208,machine check interrupt <*> L2 DCU read error,,
209,BGL,E209,machine check interrupt <*> L3 major internal error,,
210,BGL,E210,machine check interrupt <*> Torus/Tree/GI read error 0,,
211,BGL,E211,machine check interrupt <*> L2 dcache unit data parity error,,
212,BGL,E212,MACHINE CHECK PLB write IRQ <*> iar <*> lr <*>,,
213,BGL,E213,Machine Check Status Register: <*>,,
214,BGL,E214,machine check status register: <*>,,
215,BGL,E215,machine state register:,,
216,BGL,E216,Machine State Register: <*>,,
217,BGL,E217,machine state register: <*>,,
218,BGL,E218,machine state register: machine state register: machine state register: machine state register: machine state register: machine,,
219,BGL,E219,MailboxMonitor::serviceMailboxes() lib_ido_error: -1019 socket closed,,
220,BGL,E220,MailboxMonitor::serviceMailboxes() lib_ido_error: -1114 unexpected socket error: Broken pipe,surprise,negative
221,BGL,E221,mask..................<*>,,
222,BGL,E222,max number of outstanding prefetches.....7,,
223,BGL,E223,"max time in a cr RAS KERNEL INFO <*> total interrupts. <*> critical input interrupts. <*> microseconds total spent on critical input interrupts, <*> microseconds max time in a critical input interrupt.",,
224,BGL,E224,memory and bus summary...........................0,,
225,BGL,E225,memory manager <*>,,
226,BGL,E226,memory manager / command manager address parity..0,,
227,BGL,E227,memory manager address error.....................0,,
228,BGL,E228,memory manager address parity error..............0,,
229,BGL,E229,memory manager refresh contention................0,,
230,BGL,E230,memory manager refresh counter timeout...........0,,
231,BGL,E231,memory manager RMW buffer parity.................0,,
232,BGL,E232,memory manager store buffer parity...............0,,
233,BGL,E233,memory manager strobe gate.......................0,,
234,BGL,E234,memory manager uncorrectable <*>,,
235,BGL,E235,Microloader Assertion,,
236,BGL,E236,MidplaneSwitchController performing bit sparing on <*> bit <*>,,
237,BGL,E237,MidplaneSwitchController::clearPort() bll_clear_port failed: <*>,,
238,BGL,E238,MidplaneSwitchController::parityAlignment() pap failed: <*> <*> <*>,,
239,BGL,E239,MidplaneSwitchController::receiveTrain() iap failed: <*> <*> <*>,,
240,BGL,E240,MidplaneSwitchController::sendTrain() port disconnected: <*>,,
241,BGL,E241,minus <*> <*>,,
242,BGL,E242,minus <*>,,
243,BGL,E243,miscompare............0,,
244,BGL,E244,Missing reverse cable: Cable <*> <*> <*> <*> --> <*> <*> <*> <*> is present BUT the reverse cable <*> <*> <*> <*> --> <*> <*> <*> <*> is missing,surprise,negative
245,BGL,E245,mmcs_db_server has been started: /bgl/BlueLight/ppcfloor/bglsys/bin/mmcs_db_server --useDatabase BGL --dbproperties serverdb.properties --iolog /bgl/BlueLight/logs/BGL --reconnect-blocks all,,
246,BGL,E246,mmcs_db_server has been started: ./mmcs_db_server --useDatabase BGL --dbproperties db.properties --iolog /bgl/BlueLight/logs/BGL --reconnect-blocks all,,
247,BGL,E247,mmcs_db_server has been started: ./mmcs_db_server --useDatabase BGL --dbproperties db.properties --iolog /bgl/BlueLight/logs/BGL --reconnect-blocks all --shutdown-timeout 120,,
248,BGL,E248,mmcs_db_server has been started: ./mmcs_db_server --useDatabase BGL --dbproperties db.properties --iolog /bgl/BlueLight/logs/BGL --reconnect-blocks all --shutdown-timeout 120 --shutdown-timeout 240,,
249,BGL,E249,mmcs_db_server has been started: ./mmcs_db_server --useDatabase BGL --dbproperties ./serverdb.properties --iolog /bgl/BlueLight/logs/BGL --reconnect-blocks all,,
250,BGL,E250,mmcs_db_server has been started: ./mmcs_db_server --useDatabase BGL --dbproperties serverdb.properties --iolog /bgl/BlueLight/logs/BGL --reconnect-blocks all,,
251,BGL,E251,mmcs_db_server has been started: ./mmcs_db_server --useDatabase BGL --dbproperties serverdb.properties --iolog /bgl/BlueLight/logs/BGL --reconnect-blocks all --no-reconnect-blocks,,
252,BGL,E252,mmcs_db_server has been started: ./mmcs_db_server --useDatabase BGL --dbproperties serverdb.properties --iolog /bgl/BlueLight/logs/BGL --reconnect-blocks all --shutdown-timeout <*>,,
253,BGL,E253,mmcs_server exited abnormally due to signal: Segmentation fault,surprise,negative
254,BGL,E254,monitor caught java.lang.IllegalStateException: while executing CONTROL Operation caught java.io.EOFException and is stopping,,
255,BGL,E255,monitor caught java.lang.IllegalStateException: while executing <*> Operation caught java.net.SocketException: Broken pipe and is stopping,,
256,BGL,E256,monitor caught java.lang.UnsupportedOperationException: power module <*> not present and is stopping,,
257,BGL,E257,msr=<*> dear=<*> esr=<*> fpscr=<*>,,
258,BGL,E258,New ido chip inserted into the database: <*> <*> <*> <*>,,
259,BGL,E259,"NFS Mount failed on <*> slept <*> seconds, retrying <*>",,
260,BGL,E260,no ethernet link,,
261,BGL,E261,No power module <*> found found on link card,,
262,BGL,E262,Node card is not fully functional,,
263,BGL,E263,"Node card status: ALERT 0, ALERT 1, ALERT 2, ALERT 3 is (are) active. Clock Mode is Low. Clock Select is Midplane. Phy JTAG Reset is asserted. ASIC JTAG Reset is not asserted. TEMPERATURE MASK IS ACTIVE. No temperature error. Temperature Limit Error Latch is clear. PGOOD is asserted. PGOOD error latch is clear. MPGOOD is OK. MPGOOD error latch is clear. The 2.5 volt rail is OK. The 1.5 volt rail is OK.",,
264,BGL,E264,"Node card status: ALERT 0, ALERT 1, ALERT 2, ALERT 3 is (are) active. Clock Mode is Low. Clock Select is Midplane. Phy JTAG Reset is asserted. ASIC JTAG Reset is not asserted. Temperature Mask is not active. No temperature error. Temperature Limit Error Latch is clear. PGOOD is asserted. PGOOD error latch is clear. MPGOOD is OK. MPGOOD error latch is clear. The 2.5 volt rail is OK. The 1.5 volt rail is OK.",,
265,BGL,E265,Node card status: no ALERTs are active. Clock Mode is Low. Clock Select is Midplane. Phy JTAG Reset is asserted. ASIC JTAG Reset is asserted. Temperature Mask is not active. No temperature error. Temperature Limit Error Latch is clear. PGOOD IS NOT ASSERTED. PGOOD ERROR LATCH IS ACTIVE. MPGOOD IS NOT OK. MPGOOD ERROR LATCH IS ACTIVE. THE 2.5 VOLT RAIL IS NOT OK. THE 1.5 VOLT RAIL IS NOT OK.,,
266,BGL,E266,Node card status: no ALERTs are active. Clock Mode is Low. Clock Select is Midplane. Phy JTAG Reset is asserted. ASIC JTAG Reset is asserted. Temperature Mask is not active. No temperature error. Temperature Limit Error Latch is clear. PGOOD IS NOT ASSERTED. PGOOD ERROR LATCH IS ACTIVE. MPGOOD IS NOT OK. MPGOOD ERROR LATCH IS ACTIVE. The 2.5 volt rail is OK. The 1.5 volt rail is OK.,,
267,BGL,E267,Node card status: no ALERTs are active. Clock Mode is Low. Clock Select is Midplane. Phy JTAG Reset is asserted. ASIC JTAG Reset is asserted. Temperature Mask is not active. No temperature error. Temperature Limit Error Latch is clear. PGOOD IS NOT ASSERTED. PGOOD ERROR LATCH IS ACTIVE. MPGOOD is OK. MPGOOD ERROR LATCH IS ACTIVE. The 2.5 volt rail is OK. The 1.5 volt rail is OK,,
268,BGL,E268,Node card status: no ALERTs are active. Clock Mode is Low. Clock Select is Midplane. Phy JTAG Reset is asserted. ASIC JTAG Reset is asserted. Temperature Mask is not active. No temperature error. Temperature Limit Error Latch is clear. PGOOD IS NOT ASSERTED. PGOOD ERROR LATCH IS ACTIVE. MPGOOD is OK. MPGOOD ERROR LATCH IS ACTIVE. The 2.5 volt rail is OK. The 1.5 volt rail is OK.,,
269,BGL,E269,Node card status: no ALERTs are active. Clock Mode is Low. Clock Select is Midplane. Phy JTAG Reset is asserted. ASIC JTAG Reset is not asserted. Temperature Mask is not active. No temperature error. Temperature Limit Error Latch is clear. PGOOD IS NOT ASSERTED. PGOOD ERROR LATCH IS ACTIVE. MPGOOD IS NOT OK. MPGOOD ERROR LATCH IS ACTIVE. The 2.5 volt rail is OK. The 1.5 volt rail is OK.,,
270,BGL,E270,Node card status: no ALERTs are active. Clock Mode is Low. Clock Select is Midplane. Phy JTAG Reset is asserted. ASIC JTAG Reset is not asserted. Temperature Mask is not active. No temperature error. Temperature Limit Error Latch is clear. PGOOD IS NOT ASSERTED. PGOOD ERROR LATCH IS ACTIVE. MPGOOD is OK. MPGOOD ERROR LATCH IS ACTIVE. The 2.5 volt rail is OK. The 1.5 volt rail is OK,,
271,BGL,E271,Node card VPD check: <*> node in processor card slot <*> do not match. VPD ecid <*> found <*>,surprise,negative
272,BGL,E272,"Node card VPD check: missing <*> node, VPD ecid <*> in processor card slot <*>",,
273,BGL,E273,NodeCard is not fully functional,sadness,negative
274,BGL,E274,NodeCard temperature sensor chip <*> is not accessible,,
275,BGL,E275,NodeCard VPD chip is not accessible,,
276,BGL,E276,NodeCard VPD is corrupt,,
277,BGL,E277,number of correctable errors detected in L3 <*>,,
278,BGL,E278,number of lines with parity errors written to L3 <*>,,
279,BGL,E279,overflow exception.......................0,,
280,BGL,E280,parity error in bank <*>,,
281,BGL,E281,parity error in read queue <*>,,
282,BGL,E282,parity error in write buffer...................0,,
283,BGL,E283,parity error.......0,,
284,BGL,E284,plus <*>,,
285,BGL,E285,Power deactivated: <*>,,
286,BGL,E286,Power Good signal deactivated: <*> A service action may be required.,,
287,BGL,E287,power module status fault detected on node card. status registers are: <*>,,
288,BGL,E288,prefetch depth for core <*>,,
289,BGL,E289,prefetch depth for PLB slave.............1,,
290,BGL,E290,PrepareForService is being done on this <*> <*> <*> <*> <*> by <*>,,
291,BGL,E291,PrepareForService is being done on this Midplane <*> <*> <*> by <*>,,
292,BGL,E292,PrepareForService is being done on this part <*> <*> <*> <*> <*> by <*>,,
293,BGL,E293,PrepareForService is being done on this rack <*> by <*>,,
294,BGL,E294,PrepareForService shutting down <*> as part of Service Action <*>,,
295,BGL,E295,"Problem communicating with link card iDo machine with LP of <*> caught java.lang.IllegalStateException: while executing I2C Operation caught java.lang.RuntimeException: Communication error: (DirectIDo for com.ibm.ido.DirectIDo object <*> with image version 13 and card type 1] is in state = COMMUNICATION_ERROR, sequenceNumberIsOk = false, ExpectedSequenceNumber = 845, Reply Sequence Number = -1, timedOut = true, retries = 200, timeout = 1000, Expected Op Command = 2, Actual Op Reply = -1, Expected Sync Command = 32, Actual Sync Reply = -1)",surprise,negative
296,BGL,E296,"Problem communicating with node card, iDo machine with LP of <*> caught java.lang.IllegalStateException: while executing <*> Operation caught java.lang.RuntimeException: Communication error: (DirectIDo for com.ibm.ido.DirectIDo object <*> with image version 13 and card type 4] is in state = COMMUNICATION_ERROR, sequenceNumberIsOk = false, ExpectedSequenceNumber = 0, Reply Sequence Number = -1, timedOut = true, retries = 200, timeout = 1000, Expected Op Command = 2, Actual Op Reply = -1, Expected Sync Command = 8, Actual Sync Reply = -1)",surprise,negative
297,BGL,E297,"Problem communicating with service card, ido chip: <*> java.io.IOException: Could not find EthernetSwitch on port:address <*>",,
298,BGL,E298,"Problem communicating with service card, ido chip: <*> java.lang.IllegalStateException: IDo is not in functional state -- currently in state COMMUNICATION_ERROR",,
299,BGL,E299,"Problem communicating with service card, ido chip: <*> java.lang.IllegalStateException: while executing CONTROL Operation caught java.lang.RuntimeException: Communication error: (DirectIDo for com.ibm.ido.DirectIDo object <*> with image version 9 and card type 2] is in state = COMMUNICATION_ERROR, sequenceNumberIsOk = false, ExpectedSequenceNumber = <*> Reply Sequence Number = <*> timedOut = true, retries = 200, timeout = 1000, Expected Op Command = 2, Actual Op Reply = <*> Expected Sync Command = 8, Actual Sync Reply = <*>",surprise,negative
300,BGL,E300,"Problem reading the ethernet arl entries fro the service card: java.lang.IllegalStateException: while executing I2C Operation caught java.lang.RuntimeException: Communication error: (DirectIDo for com.ibm.ido.DirectIDo object <*> with image version 9 and card type 2] is in state = COMMUNICATION_ERROR, sequenceNumberIsOk = false, ExpectedSequenceNumber = <*> Reply Sequence Number = <*> timedOut = true, retries = 200, timeout = 1000, Expected Op Command = 2, Actual Op Reply = <*> Expected Sync Command = 32, Actual Sync Reply = <*>",surprise,negative
301,BGL,E301,problem state <*>,,
302,BGL,E302,program interrupt,,
303,BGL,E303,program interrupt: fp compare...............0,,
304,BGL,E304,program interrupt: fp cr <*>,,
305,BGL,E305,program interrupt: illegal <*>,,
306,BGL,E306,program interrupt: imprecise exception......0,,
307,BGL,E307,program interrupt: privileged instruction...0,,
308,BGL,E308,program interrupt: trap <*>,,
309,BGL,E309,program interrupt: unimplemented operation..0,,
310,BGL,E310,quiet NaN................................0,,
311,BGL,E311,qw trapped............0,,
312,BGL,E312,r<*>=<*> r<*>=<*> r<*>=<*> r<*>=<*>,,
313,BGL,E313,regctl scancom interface.........................0,,
314,BGL,E314,reserved.................................0,,
315,BGL,E315,round nearest............................0,,
316,BGL,E316,round toward <*>,,
317,BGL,E317,rts assertion failed: `personality->version == BGLPERSONALITY_VERSION' in `void start()' at start.cc:131,,
318,BGL,E318,"rts assertion failed: `vaddr % PAGE_SIZE_1M == 0' in `int initializeAppMemory(int, TLBEntry&, unsigned int, unsigned int)' at mmu.cc:540",,
319,BGL,E319,rts: bad message header: cpu <*> invalid <*> <*> <*> <*> <*> <*> <*> <*>,sadness,negative
320,BGL,E320,rts: bad message header: expecting type <*> instead of type <*> <*> <*> <*> <*> <*> <*> <*> <*>,"sadness, surprise",negative
321,BGL,E321,rts: bad message header: index 0 greater than total 0 <*> <*> <*> <*> <*> <*> <*> <*>,"sadness, surprise",negative
322,BGL,E322,rts: bad message header: packet index <*> greater than max 366 <*> <*> <*> <*> <*> <*> <*> <*>,"sadness, surprise",negative
323,BGL,E323,rts internal error,,
324,BGL,E324,rts: kernel terminated for reason <*>,,
325,BGL,E325,"rts: kernel terminated for reason 1001rts: bad message header: invalid cpu, <*> <*> <*> <*>",sadness,negative
326,BGL,E326,"rts: kernel terminated for reason 1002rts: bad message header: too many packets, <*> <*> <*> <*> <*>",sadness,negative
327,BGL,E327,rts: kernel terminated for reason 1004rts: bad message header: expecting type <*> <*> <*> <*> <*>,"sadness, surprise",negative
328,BGL,E328,rts panic! - stopping execution,,
329,BGL,E329,rts tree/torus link training failed: wanted: <*> got: <*>,surprise,negative
330,BGL,E330,Running as background command,,
331,BGL,E331,<*> <*> Status(A),,
332,BGL,E332,shutdown complete,,
333,BGL,E333,size of DDR we are caching...............1 (512M),,
334,BGL,E334,size of scratchpad portion of L3.........0 (0M),,
335,BGL,E335,Special Purpose Registers:,,
336,BGL,E336,special purpose registers:,,
337,BGL,E337,start <*>,,
338,BGL,E338,Starting SystemController,,
339,BGL,E339,state machine....................................0,,
340,BGL,E340,state register: machine state register: machine state register: machine state register: machine state register: machine state re,,
341,BGL,E341,store <*>,,
342,BGL,E342,summary...........................1,,
343,BGL,E343,suppressing further interrupts of same type,,
344,BGL,E344,symbol................<*>,,
345,BGL,E345,Target=<*> Message=<*>,,
346,BGL,E346,"<*> <*> All all zeros, power good may be low",joy,positive
347,BGL,E347,<*> <*> failed to lock,,
348,BGL,E348,<*> <*> JtagId = <*>,,
349,BGL,E349,<*> <*> JtagId = <*> Run environmental monitor to diagnose possible hardware failure.,,
350,BGL,E350,Temperature Over Limit on link card,surprise,negative
351,BGL,E351,this link card is not fully functional,sadness,negative
352,BGL,E352,tlb <*>,,
353,BGL,E353,Torus non-recoverable error DCRs follow.,,
354,BGL,E354,total of <*> ddr error(s) detected and corrected,,
355,BGL,E355,total of <*> ddr error(s) detected and corrected over <*> seconds,,
356,BGL,E356,turn on hidden refreshes.................1,,
357,BGL,E357,uncorrectable <*>,,
358,BGL,E358,uncorrectable error detected in <*> <*>,,
359,BGL,E359,uncorrectable error detected in EDRAM bank <*>,,
360,BGL,E360,underflow <*>,,
361,BGL,E361,VALIDATE_LOAD_IMAGE_CRC_IN_DRAM,,
362,BGL,E362,wait state enable.................0,,
363,BGL,E363,While initializing link card iDo machine with LP of <*> caught java.io.IOException: Could not contact iDo with <*> and <*> because java.lang.RuntimeException: Communication error: <*>,,
364,BGL,E364,"While initializing node card, ido with LP of <*> caught java.lang.IllegalStateException: IDo is not in functional state -- currently in state COMMUNICATION_ERROR",,
365,BGL,E365,"While initializing node card, ido with LP of <*> caught java.lang.IllegalStateException: while executing CONTROL Operation caught java.lang.RuntimeException: Communication error: <*>",,
366,BGL,E366,"While initializing node card, ido with LP of <*> caught java.lang.NullPointerException",,
367,BGL,E367,"While initializing node card, ido with LP of <*> caught java.lang.IllegalStateException: while executing I2C Operation caught java.lang.RuntimeException: Communication error: <*>",,
368,BGL,E368,"While initializing <*> card iDo with LP of <*> caught java.io.IOException: Could not contact iDo with LP=<*> and IP=/<*> because java.lang.RuntimeException: Communication error: (DirectIDo for Uninitialized DirectIDo for <*> is in state = COMMUNICATION_ERROR, sequenceNumberIsOk = false, ExpectedSequenceNumber = 0, Reply Sequence Number = -1, timedOut = true, retries = 200, timeout = 1000, Expected Op Command = 5, Actual Op Reply = -1, Expected Sync Command = 10, Actual Sync Reply = -1)",surprise,negative
369,BGL,E369,While inserting monitor info into DB caught java.lang.NullPointerException,,
370,BGL,E370,While reading FanModule caught java.lang.IllegalStateException: while executing I2C Operation caught <*>,,
371,BGL,E371,While reading FanModule caught java.lang.IllegalStateException: while executing I2C Operation caught java.net.SocketException: Broken pipe,,
372,BGL,E372,While setting fan speed caught java.lang.IllegalStateException: while executing I2C Operation caught <*>,,
373,BGL,E373,write buffer commit threshold............2,,
374,BGL,E374,DDR failing data registers: <*> <*>,,
375,BGL,E375,program interrupt: fp cr field .............0,,
376,BGL,E376,rts tree/torus link training failed: wanted: <*> <*> <*> <*> <*> <*> <*> <*> got: <*> <*> <*> <*> <*> <*> <*>,surprise,negative
377,BGL,E377,"rts: kernel terminated for reason 1002rts: bad message header: too many packets, <*> <*> <*> <*>",sadness,negative
378,HDFS,E1,<*>Adding an already existing block<*>,,
379,HDFS,E2,<*>Verification succeeded for<*>,joy,positive
380,HDFS,E3,<*>Served block<*>to<*>,,
381,HDFS,E4,<*>Got exception while serving<*>to<*>,,
382,HDFS,E5,<*>Receiving block<*>src:<*>dest:<*>,,
383,HDFS,E6,<*>Received block<*>src:<*>dest:<*>of size<*>,,
384,HDFS,E7,<*>writeBlock<*>received exception<*>,,
385,HDFS,E8,<*>PacketResponder<*>for block<*>Interrupted<*>,,
386,HDFS,E9,<*>Received block<*>of size<*>from<*>,,
387,HDFS,E10,<*>PacketResponder<*>Exception<*>,,
388,HDFS,E11,<*>PacketResponder <*> for block <*> terminating<*>,,
389,HDFS,E12,<*>:Exception writing block<*>to mirror<*>,,
390,HDFS,E13,<*>Receiving empty packet for block<*>,,
391,HDFS,E14,<*>Exception in receiveBlock for block<*>,,
392,HDFS,E15,<*>Changing block file offset of block<*>from<*>to<*>meta file offset to<*>,,
393,HDFS,E16,<*>:Transmitted block<*>to<*>,,
394,HDFS,E17,<*>:Failed to transfer<*>to<*>got<*>,,
395,HDFS,E18,<*>Starting thread to transfer block<*>to<*>,,
396,HDFS,E19,<*>Reopen Block<*>,,
397,HDFS,E20,<*>Unexpected error trying to delete block<*>BlockInfo not found in volumeMap<*>,surprise,negative
398,HDFS,E21,<*>Deleting block<*>file<*>,,
399,HDFS,E22,<*>BLOCK* NameSystem<*>allocateBlock:<*>,,
400,HDFS,E23,<*>BLOCK* NameSystem<*>delete:<*>is added to invalidSet of<*>,,
401,HDFS,E24,<*>BLOCK* Removing block<*>from neededReplications as it does not belong to any file<*>,,
402,HDFS,E25,<*>BLOCK* ask<*>to replicate<*>to<*>,,
403,HDFS,E26,<*>BLOCK* NameSystem<*>addStoredBlock: blockMap updated:<*>is added to<*>size<*>,,
404,HDFS,E27,<*>BLOCK* NameSystem<*>addStoredBlock: Redundant addStoredBlock request received for<*>on<*>size<*>,,
405,HDFS,E28,<*>BLOCK* NameSystem<*>addStoredBlock: addStoredBlock request received for<*>on<*>size<*>But it does not belong to any file.,surprise,negative
406,HDFS,E29,<*>PendingReplicationMonitor timed out block<*>,,
407,HDFS,E30,<*>BLOCK* ask <*> to delete <*>,,
408,OpenStack,E1,<*> "GET <*>" status: <*> len: <*> time: <*>,,
409,OpenStack,E2,[instance: <*>] VM Started (Lifecycle Event),,
410,OpenStack,E3,[instance: <*>] During sync_power_state the instance has a pending task (spawning). Skip.,,
411,OpenStack,E4,image <*> at <*>: checking,,
412,OpenStack,E5,"image <*> at <*>: in use: on this node <*> local, <*> on other nodes sharing this instance storage",,
413,OpenStack,E6,Active base files: <*>,,
414,OpenStack,E7,Creating event <*> for instance <*>,,
415,OpenStack,E8,[instance: <*>] Instance spawned successfully.,joy,positive
416,OpenStack,E9,[instance: <*>] Took <*> seconds to spawn the instance on the hypervisor.,,
417,OpenStack,E10,[instance: <*>] Took <*> seconds to build instance.,,
418,OpenStack,E11,Auditing locally available compute resources for node <*>,,
419,OpenStack,E12,"Total usable vcpus: <*>, total allocated vcpus: <*>",,
420,OpenStack,E13,Final resource view: name=<*> phys_ram= <*> used_ram= <*> phys_disk= <*> used_disk= <*> total_vcpus=<*> used_vcpus=<*> pci_stats=[],,
421,OpenStack,E14,Compute_service record updated for <*>:<*>,,
422,OpenStack,E15,[instance: <*>] Terminating instance,,
423,OpenStack,E16,[instance: <*>] Deleting instance files <*>,,
424,OpenStack,E17,[instance: <*>] Deletion of <*> complete,,
425,OpenStack,E18,[instance: <*>] Took <*> seconds to deallocate network for instance.,,
426,OpenStack,E19,Unknown base file: <*>,,
427,OpenStack,E20,Removable base files: <*>,,
428,OpenStack,E21,Removing base or swap file: <*>,,
429,OpenStack,E22,HTTP exception thrown: No instances found for any event,,
430,OpenStack,E23,"[instance: <*>] Attempting claim: memory <*> MB, disk <*> GB, vcpus <*> CPU",,
431,OpenStack,E24,"[instance: <*>] Total memory: <*> MB, used: <*> MB",,
432,OpenStack,E25,"[instance: <*>] Total disk: <*> GB, used: <*> GB",,
433,OpenStack,E26,"[instance: <*>] disk limit not specified, defaulting to unlimited",,
434,OpenStack,E27,[instance: <*>] Claim successful,joy,positive
435,OpenStack,E28,Successfully synced instances from host '<*>'.,joy,positive
436,OpenStack,E29,Running instance usage audit for host <*> from <*>-<*>-<*> <*>:<*>:<*> to <*>-<*>-<*> <*>:<*>:<*>. <*> instances.,,
437,OpenStack,E30,"[instance: b562ef10-ba2d-48ae-bf4a-18666cba4a51] <*> <*> <*> MB, <*> <*>.<*> MB",,
438,OpenStack,E31,Base or swap file too young to remove: <*>,,
439,OpenStack,E32,The instance sync for host '<*>' did not match. Re-created its InstanceList.,surprise,negative
440,OpenStack,E33,"While synchronizing instance power states, found <*> instances in the database and <*> instances on the hypervisor.",,
441,OpenStack,E34,Bad response code while validating token: <*>,sadness,negative
442,OpenStack,E35,Identity response: <!DOCTYPE HTML PUBLIC "-//IETF//DTD HTML <*>//EN">,,
443,OpenStack,E36,[instance: <*>] VM Stopped (Lifecycle Event),,
444,OpenStack,E37,[instance: <*>] Creating image,,
445,OpenStack,E38,"couldn't obtain the vcpu count from domain id: <*>, exception: Requested operation is not valid: cpu affinity is not supported",,
446,OpenStack,E39,[instance: <*>] Instance destroyed successfully.,joy,positive
447,OpenStack,E40,"[instance: <>] memory limit: <>.<> MB, free: <>.<*> MB",,
448,OpenStack,E41,[instance: <>] Took <>.<*> seconds to destroy the instance on the hypervisor.,,
449,OpenStack,E42,"[instance: <>] Total vcpu: <> VCPU, used: <>.<> VCPU",,
450,OpenStack,E43,"[instance: <*>] vcpu limit not specified, defaulting to unlimited",,
451,OpenStack,E44,[instance: <*>] VM Paused (Lifecycle Event),,
452,OpenStack,E45,[instance: <*>] VM Resumed (Lifecycle Event),,
453,OpenStack,E46,<> "DELETE <>" status: <> len: <> time: <>.<>,,
454,OpenStack,E47,<> "POST <>" status: <> len: <> time: <>.<>,,
455,Hadoop,E1,<*> failures on node <*>,,
456,Hadoop,E2,Added attempt_<*> to list of failed maps,,
457,Hadoop,E3,Added filter AM_PROXY_FILTER (class=org.apache.hadoop.yarn.server.webproxy.amfilter.AmIpFilter) to context mapreduce,,
458,Hadoop,E4,Added filter AM_PROXY_FILTER (class=org.apache.hadoop.yarn.server.webproxy.amfilter.AmIpFilter) to context static,,
459,Hadoop,E5,Added global filter 'safety' (class=org.apache.hadoop.http.HttpServer2$QuotingInputFilter),,
460,Hadoop,E6,Adding #<*> tokens and #<*> secret keys for NM use for launching container,,
461,Hadoop,E7,Adding job token for job_<*> to jobTokenSecretManager,,
462,Hadoop,E8,adding path spec: /<*>/*,,
463,Hadoop,E9,Adding protocol org.apache.hadoop.mapreduce.v2.api.MRClientProtocolPB to the server,,
464,Hadoop,E10,Address change detected. Old: <*>/<*>:<*> New: <*>:<*>,,
465,Hadoop,E11,After Scheduling: PendingReds:<*> ScheduledMaps:<*> ScheduledReds:<*> AssignedMaps:<*> AssignedReds:<*> CompletedMaps:<*> CompletedReds:0 ContAlloc:<*> ContRel:<*> HostLocal:<*> RackLocal:<*>,,
466,Hadoop,E12,All maps assigned. Ramping up all remaining reduces:<*>,,
467,Hadoop,E13,Assigned container container_<*> to attempt_<*>,,
468,Hadoop,E14,attempt_<*> TaskAttempt Transitioned from ASSIGNED to RUNNING,,
469,Hadoop,E15,attempt_<*> TaskAttempt Transitioned from FAIL_CONTAINER_CLEANUP to FAIL_TASK_CLEANUP,,
470,Hadoop,E16,attempt_<*> TaskAttempt Transitioned from FAIL_TASK_CLEANUP to FAILED,,
471,Hadoop,E17,attempt_<*> TaskAttempt Transitioned from NEW to UNASSIGNED,,
472,Hadoop,E18,attempt_<*> TaskAttempt Transitioned from RUNNING to FAIL_CONTAINER_CLEANUP,,
473,Hadoop,E19,attempt_<*> TaskAttempt Transitioned from RUNNING to SUCCESS_CONTAINER_CLEANUP,joy,positive
474,Hadoop,E20,attempt_<*> TaskAttempt Transitioned from SUCCESS_CONTAINER_CLEANUP to SUCCEEDED,joy,positive
475,Hadoop,E21,attempt_<*> TaskAttempt Transitioned from UNASSIGNED to ASSIGNED,,
476,Hadoop,E22,ATTEMPT_START task_<*>,,
477,Hadoop,E23,Auth successful for job_<*> (auth:SIMPLE),joy,positive
478,Hadoop,E24,Before Scheduling: PendingReds:<*> ScheduledMaps:<*> ScheduledReds:<*> AssignedMaps:<*> AssignedReds:<*> CompletedMaps:<*> CompletedReds:<*> ContAlloc:<*> ContRel:<*> HostLocal:<*> RackLocal:<*>,,
479,Hadoop,E25,blacklistDisablePercent is <*>,,
480,Hadoop,E26,"Cannot assign container Container: [ContainerId: container_<*>, NodeId: <*>:<*>, NodeHttpAddress: <*>:<*>, Resource: <memory:<*>, vCores:<*>>, Priority: <*>, Token: Token { kind: ContainerToken, service: <*>:<*> }, ] for a map as either  container memory less than required <memory:<*>, vCores:<*>> or no pending map tasks - maps.isEmpty=true",,
481,Hadoop,E27,Connecting to ResourceManager at <*>/<*>:<*>,,
482,Hadoop,E28,Container complete event for unknown container id container_<*>,,
483,Hadoop,E29,Created MRAppMaster for application appattempt_<*>,,
484,Hadoop,E30,DataStreamer Exception,,
485,Hadoop,E31,Default file system [hdfs://<*>:<*>],,
486,Hadoop,E32,DefaultSpeculator.addSpeculativeAttempt -- we are speculating task_<*>,surprise,negative
487,Hadoop,E33,DFSOutputStream ResponseProcessor exception  for block BP-<*>:blk_<*>,,
488,Hadoop,E34,Diagnostics report from attempt_<*>: Container killed by the ApplicationMaster.,,
489,Hadoop,E35,Diagnostics report from attempt_<*>: Error: java.net.NoRouteToHostException: No Route to Host from  MININT-<*>/<*> to <*>:<*> failed on socket timeout exception: java.net.NoRouteToHostException: No route to host: no further information; For more details see:  http://wiki.apache.org/hadoop/NoRouteToHost,,
490,Hadoop,E36,Done acknowledgement from attempt_<*>,,
491,Hadoop,E37,Emitting job history data to the timeline server is not enabled,,
492,Hadoop,E38,ERROR IN CONTACTING RM.,,
493,Hadoop,E39,"Error Recovery for block BP-<*>:blk_<*> in pipeline <*>:<*>, <*>:<*>: bad datanode <*>:<*>",sadness,negative
494,Hadoop,E40,Error writing History Event: org.apache.hadoop.mapreduce.jobhistory.TaskAttemptUnsuccessfulCompletionEvent@<*>,,
495,Hadoop,E41,"Event Writer setup for JobId: job_<*>, File: hdfs://<*>",,
496,Hadoop,EventId,EventTemplate,,
497,Hadoop,E42,Executing with tokens:,,
498,Hadoop,E43,Extract jar:file:<*> to <*>,,
499,Hadoop,E44,Failed to renew lease for [DFSClient_NONMAPREDUCE_<*>_<*>] for <*> seconds.  Will retry shortly ...,,
500,Hadoop,E45,"getResources() for application_<*>: ask=<*> release= <*> newContainers=<*> finishedContainers=<*> resourcelimit=<memory:<*>, vCores:<*>> knownNMs=<*>",,
501,Hadoop,E46,Got allocated containers <*>,,
502,Hadoop,E47,Http request log for http.requests.mapreduce is not defined,,
503,Hadoop,E48,Input size for job job_<*> = <*>. Number of splits = <*>,,
504,Hadoop,E49,Instantiated MRClientService at MININT-<*>/<*>:<*>,,
505,Hadoop,E50,IPC Server listener on <*>: starting,,
506,Hadoop,E51,IPC Server Responder: starting,,
507,Hadoop,E52,Jetty bound to port <*>,,
508,Hadoop,E53,jetty-<*>,,
509,Hadoop,E54,job_<*>Job Transitioned from INITED to SETUP,,
510,Hadoop,E55,job_<*>Job Transitioned from NEW to INITED,,
511,Hadoop,E56,job_<*>Job Transitioned from SETUP to RUNNING,,
512,Hadoop,E57,JOB_CREATE job_<*>,,
513,Hadoop,E58,JVM with ID : jvm_<*> asked for a task,,
514,Hadoop,E59,JVM with ID: jvm_<*> given task: <*>_<*>,,
515,Hadoop,E60,KILLING attempt_<*>,,
516,Hadoop,E61,"Kind: YARN_AM_RM_TOKEN, Service: , Ident: (appAttemptId { application_id { id: <*> cluster_timestamp: <*> } attemptId: <*> } keyId: <*>)",,
517,Hadoop,E62,Launching attempt_<*>,,
518,Hadoop,E63,loaded properties from hadoop-metrics2.properties,,
519,Hadoop,E64,Logging to <*>(org.mortbay.log) via <*>,,
520,Hadoop,E65,"mapResourceRequest:<memory:<*>, vCores:<*>>",,
521,Hadoop,E66,"maxContainerCapability: <memory:<*>, vCores:<*>>",,
522,Hadoop,E67,maxTaskFailuresPerNode is <*>,,
523,Hadoop,E68,"MRAppMaster launching normal, non-uberized, multi-container job job_<*>.",,
524,Hadoop,E69,MRAppMaster metrics system started,,
525,Hadoop,E70,nodeBlacklistingEnabled:true,,
526,Hadoop,E71,Not uberizing job_<*> because: not enabled; too many maps; too much input;,,
527,Hadoop,E72,Num completed Tasks: <*>,,
528,Hadoop,E73,Number of reduces for job job_<*> = <*>,,
529,Hadoop,E74,Opening proxy : <*>:<*>,,
530,Hadoop,E75,OutputCommitter is org.apache.hadoop.mapreduce.lib.output.FileOutputCommitter,,
531,Hadoop,E76,OutputCommitter set in config null,,
532,Hadoop,E77,Processing the event EventType: CONTAINER_REMOTE_<*> for container container_<*> taskAttempt attempt_<*>,,
533,Hadoop,E78,Processing the event EventType: JOB_SETUP,,
534,Hadoop,E79,Processing the event EventType: TASK_ABORT,,
535,Hadoop,E80,Progress of TaskAttempt attempt_<*> is : <*>.<*>,,
536,Hadoop,E81,Putting shuffle token in serviceData,,
537,Hadoop,E82,queue: default,,
538,Hadoop,E83,"Recalculating schedule, headroom=<memory:<*>, vCores:<*>>",,
539,Hadoop,E84,Received completed container container_<*>,,
540,Hadoop,E85,Reduce slow start threshold not met. completedMapsForReduceSlowstart <*>,,
541,Hadoop,E86,Reduce slow start threshold reached. Scheduling reduces.,,
542,Hadoop,E87,"reduceResourceRequest:<memory:<*>, vCores:<*>>",,
543,Hadoop,E88,Registered webapp guice modules,,
544,Hadoop,E89,Registering class <*> for class <*>,,
545,Hadoop,E90,Resolved <*> to /default-rack,,
546,Hadoop,E91,"Retrying connect to server: <*>:<*>. Already tried <*> time(s); retry policy is RetryUpToMaximumCountWithFixedSleep(maxRetries=<*>, sleepTime=<*> MILLISECONDS)",,
547,Hadoop,E92,Scheduled snapshot period at <*> second(s).,,
548,Hadoop,E93,Scheduling a redundant attempt for task task_<*>,,
549,Hadoop,E94,Shuffle port returned by ContainerManager for attempt_<*> : <*>,,
550,Hadoop,E95,Size of containertokens_dob is <*>,,
551,Hadoop,E96,"Slow ReadProcessor read fields took <*>ms (threshold=<*>ms); ack: seqno: <*> status: SUCCESS status: ERROR downstreamAckTimeNanos: <*>, targets: [<*>:<*>, <*>:<*>]",,
552,Hadoop,E97,Started HttpServer2$SelectChannelConnectorWithSafeStartup@<*>:<*>,,
553,Hadoop,E98,Starting Socket Reader #<*> for port <*>,,
554,Hadoop,E99,Task cleanup failed for attempt attempt_<*>,,
555,Hadoop,E100,Task succeeded with attempt attempt_<*>,joy,positive
556,Hadoop,E101,Task: attempt_<*> - exited : java.net.NoRouteToHostException: No Route to Host from  MININT-<*>/<*> to <*>:<*> failed on socket timeout exception: java.net.NoRouteToHostException: No route to host: no further information; For more details see:  http://wiki.apache.org/hadoop/NoRouteToHost,,
557,Hadoop,E102,task_<*> Task Transitioned from NEW to SCHEDULED,,
558,Hadoop,E103,task_<*> Task Transitioned from RUNNING to SUCCEEDED,joy,positive
559,Hadoop,E104,task_<*> Task Transitioned from SCHEDULED to RUNNING,,
560,Hadoop,E105,TaskAttempt: [attempt_<*>] using containerId: [container_<*>_<*>_<*>_<*> on NM: [<*>:<*>],,
561,Hadoop,E106,The job-conf file on the remote FS is <*>,,
562,Hadoop,E107,The job-jar file on the remote FS is hdfs://<*>,,
563,Hadoop,E108,"Thread Thread[eventHandlingThread,<*>,main] threw an Exception.",,
564,Hadoop,E109,Upper limit on the thread pool size is <*>,,
565,Hadoop,E110,Using callQueue class java.util.concurrent.LinkedBlockingQueue,,
566,Hadoop,E111,Using mapred newApiCommitter.,,
567,Hadoop,E112,We launched <*> speculations.  Sleeping <*> milliseconds.,,
568,Hadoop,E113,Web app /mapreduce started at <*>,,
569,Hadoop,E114,yarn.client.max-cached-nodemanagers-proxies : <*>,,
570,Hadoop,E115,(EQUATOR) <*> kvi <*>(<*>),,
571,Hadoop,E116,(RESET) equator <*> kv <*>(<*>) kvi <*>(<*>),,
572,Hadoop,E117,<*> freed by fetcher#<*> in <*>,,
573,Hadoop,E118,Abandoning BP-<*>-<*><*>:blk_<*>_<*>,,
574,Hadoop,E119,application_<*>_<*>,,
575,Hadoop,E120,assigned <*> of <*> to <*> to fetcher#<*>,,
576,Hadoop,E121,Assigned from earlierFailedMaps,,
577,Hadoop,E122,Assigned to reduce,,
578,Hadoop,E123,"Assigning container Container: [ContainerId: container_<*>_<*>_<*>_<*>, NodeId: <*> NodeHttpAddress: <*> Resource: <memory:<*>, vCores:<*>>, Priority: <*>, Token: Token { kind: ContainerToken, service: <*> }, ] to fast fail map",,
579,Hadoop,E124,Assigning <*> with <*> to fetcher#<*>,,
580,Hadoop,E125,attempt_<*>: Shuffling to disk since <*> is greater than maxSingleShuffleLimit (<*>),,
581,Hadoop,E126,attempt_<*> Thread started: EventFetcher for fetching Map Completion Events,,
582,Hadoop,E127,attempt_<*>: Got <*> new map-outputs,,
583,Hadoop,E128,attempt_<*> given a go for committing the task output.,,
584,Hadoop,E129,bufstart = <*>; bufend = <*>; bufvoid = <*>,,
585,Hadoop,E130,bufstart = <*>; bufvoid = <*>,,
586,Hadoop,E131,Calling handler for JobFinishedEvent,,
587,Hadoop,E132,Calling stop for all the services,,
588,Hadoop,E133,cleanup failed for container container_<*>_<*>_<*>_<*> : java.lang.IllegalArgumentException: java.net.UnknownHostException: <*>,,
589,Hadoop,E134,Commit go/no-go request from attempt_<*>,,
590,Hadoop,E135,Commit-pending state update from attempt_<*>,,
591,Hadoop,E136,Communication exception: java.io.IOException: Failed on local exception: java.io.IOException: An existing connection was forcibly closed by the remote host; Host Details : local host is: <*> destination host is: <*>,,
592,Hadoop,E137,Communication exception: java.net.ConnectException: Call From MSRA-SA-<*><*> to minint-fnanli5.fareast.corp.microsoft.com:<*> failed on connection exception: java.net.ConnectException: Connection timed out: no further information; For more details see: http://wiki.apache.org/hadoop/ConnectionRefused,,
593,Hadoop,E138,Communication exception: java.net.NoRouteToHostException: No Route to Host from MININT-FNANLI5<*> to <*> failed on socket timeout exception: java.net.NoRouteToHostException: No route to host: no further information; For more details see: http://wiki.apache.org/hadoop/NoRouteToHost,,
594,Hadoop,E139,"completedMapPercent <*>.<*> totalResourceLimit:<memory:<*>, vCores:<*>> finalMapResourceLimit:<memory:<*>, vCores:<*>> finalReduceResourceLimit:<memory:<*>, vCores:<*>> netScheduledMapResource:<memory:<*>, vCores:<*>> netScheduledReduceResource:<memory:<*>, vCores:<*>>",,
595,Hadoop,E140,Connection retry failed with <*> attempts in <*> seconds,,
596,Hadoop,E141,Copied to done location: hdfs://msra-sa-<*>:<*>/tmp/hadoop-yarn/staging,,
597,Hadoop,E142,Copying <*> to hdfs://msra-sa-<*>:<*>/tmp/hadoop-yarn/staging,,
598,Hadoop,E143,Could not contact RM after <*> milliseconds.,,
599,Hadoop,E144,Could not delete <*>,,
600,Hadoop,E145,"Could not obtain BP-<*>-<*><*>:blk_<*>_<*> from any node: java.io.IOException: No live nodes contain block BP-<*>-<*><*>:blk_<*>_<*> after checking nodes = [<*>, <*>], ignoredNodes = null No live nodes contain current block Block locations: <*> <*> Dead nodes: <*> <*> <*>. Will get new block locations from namenode and retry...",,
601,Hadoop,E146,Could not parse the old history file. Will not have old AMinfos,,
602,Hadoop,E147,Deleting staging directory hdfs://msra-sa-<*>:<*> /tmp/hadoop-yarn/staging/msrabi/.staging/job_<*>_<*>,,
603,Hadoop,E148,"DFS chooseDataNode: got # <*> IOException, will wait for <*>.<*> msec.",,
604,Hadoop,E149,DFS Read,,
605,Hadoop,E150,Diagnostics report from <*> <*> Timed out after <*> secs,,
606,Hadoop,E151,Diagnostics report from attempt_<*> Container released on a *lost* node,,
607,Hadoop,E152,Diagnostics report from attempt_<*>,,
608,Hadoop,E153,Diagnostics report from attempt_<*> Container released on a *lost* node,,
609,Hadoop,E154,Diagnostics report from <*> cleanup failed for container container_<*>_<*>_<*>_<*> : java.lang.IllegalArgumentException: java.net.UnknownHostException: <*>,,
610,Hadoop,E155,Diagnostics report from attempt_<*>: Error: org.apache.hadoop.util.DiskChecker$DiskErrorException: Could not find any valid local directory for output/attempt_<*>/file.out,,
611,Hadoop,E156,Diagnostics report from attempt_<*>: <*> java.io.IOException: There is not enough space on the disk,,
612,Hadoop,E157,Diagnostics report from attempt_<*>: Error: org.apache.hadoop.mapreduce.task.reduce.Shuffle$ShuffleError: error in shuffle in fetcher#<*>,,
613,Hadoop,E158,Diagnostics report from attempt_<*>: Error: java.io.IOException: Spill failed,,
614,Hadoop,E159,"Down to the last merge-pass, with <*> segments left of total size: <*> bytes",,
615,Hadoop,E160,Error closing writer for JobID: job_<*>,,
616,Hadoop,E161,Error communicating with RM: Could not contact RM after <*> milliseconds.,,
617,Hadoop,E162,Error communicating with RM: Resource Manager doesn't recognize AttemptId: application_<*>,,
618,Hadoop,E163,EventFetcher is interrupted.. Returning,,
619,Hadoop,E164,Exception cleaning up: java.net.NoRouteToHostException: No Route to Host from MININT-FNANLI5<*> to msra-sa-<*>:<*> failed on socket timeout exception: java.net.NoRouteToHostException: No route to host: no further information; For more details see: http://wiki.apache.org/hadoop/NoRouteToHost,,
620,Hadoop,E165,Exception in createBlockOutputStream,,
621,Hadoop,E166,Exception in getting events,,
622,Hadoop,E167,Exception running child : java.net.NoRouteToHostException: No Route to Host from MININT-FNANLI5<*> to msra-sa-<*>:<*> failed on socket timeout exception: java.net.NoRouteToHostException: No route to host: no further information; For more details see: http://wiki.apache.org/hadoop/NoRouteToHost,,
623,Hadoop,E168,Exception running child : org.apache.hadoop.mapreduce.task.reduce.Shuffle$ShuffleError: error in shuffle in fetcher#<*>,,
624,Hadoop,E169,Exception running child : org.apache.hadoop.util.DiskChecker$DiskErrorException: Could not find any valid local directory for output/attempt_<*>/file.out,,
625,Hadoop,E170,Exception while unregistering,,
626,Hadoop,E171,Excluding datanode <*>,,
627,Hadoop,E172,"Failed to connect to <*> for block, add to deadNodes and continue. java.net.ConnectException: Connection timed out: no further information",,
628,Hadoop,E173,"Failed to connect to <*> for block, add to deadNodes and continue. java.net.ConnectException: Connection refused: no further information",,
629,Hadoop,E174,"Failed to connect to <*> for block, add to deadNodes and continue. java.net.NoRouteToHostException: No route to host: no further information",,
630,Hadoop,E175,Failed to connect to MININT-FNANLI5.fareast.corp.microsoft.com:<*> with <*> map outputs,,
631,Hadoop,E176,Failure sending status update: java.io.IOException: Failed on local exception: java.io.IOException: An existing connection was forcibly closed by the remote host; Host Details : local host is: <*> destination host is: <*>,,
632,Hadoop,E177,fetcher#<*> about to shuffle output of map attempt_<*> decomp: <*> len: <*> to DISK,,
633,Hadoop,E178,Final Stats: PendingReds:<*> ScheduledMaps:<*> ScheduledReds:<*> AssignedMaps:<*> AssignedReds:<*> CompletedMaps:<*> CompletedReds:<*> ContAlloc:<*> ContRel:<*> HostLocal:<*> RackLocal:<*>,,
634,Hadoop,E179,Final Stats: PendingReds:<*> ScheduledMaps:<*> ScheduledReds:<*> AssignedMaps:<*> AssignedReds:<*> CompletedMaps:<*> CompletedReds:<*> ContAlloc:<*> ContRel:<*> HostLocal:<*> RackLocal:<*>,,
635,Hadoop,E180,finalMerge called with <*> in-memory map-outputs and <*> on-disk map-outputs,,
636,Hadoop,E181,Finished spill <*>,,
637,Hadoop,E182,for <*> sent hash and received reply,,
638,Hadoop,E183,Found jobId job_<*>_<*> to have not been closed. Will close,,
639,Hadoop,E184,Going to preempt <*> due to lack of space for maps,,
640,Hadoop,E185,Graceful stop failed,,
641,Hadoop,E186,History url is <*>,,
642,Hadoop,E187,I/O error constructing remote block reader.,,
643,Hadoop,E188,Ignoring exception during close for org.apache.hadoop.mapred.MapTask$NewOutputCollector@6a6585ee,,
644,Hadoop,E189,Ignoring obsolete output of KILLED map-task: 'attempt_<*>',,
645,Hadoop,E190,"In stop, writing event <*>",,
646,Hadoop,E191,IPC Server handler <*> on <*> caught an exception,,
647,Hadoop,E192,"IPC Server handler <*> on <*>, call statusUpdate(attempt_<*>, org.apache.hadoop.mapred.MapTaskStatus@cdcdbf7), rpc version=<*>, client version=<*>, methodsFingerPrint=<*> from <*> Call#<*> Retry#<*>: output error",,
648,Hadoop,E193,Issuing kill to other attempt attempt_<*>,,
649,Hadoop,E194,java.io.IOException: An existing connection was forcibly closed by the remote host; Host Details : local host is: <*> destination host is: <*>,,
650,Hadoop,E195,java.io.IOException: Couldn't set up IO streams; Host Details : local host is: "MININT-FNANLI5<*>"; destination host is: "msra-sa-<*>":<*>;,,
651,Hadoop,E196,java.net.NoRouteToHostException: No route to host: no further information; For more details see: http://wiki.apache.org/hadoop/NoRouteToHost,,
652,Hadoop,E197,java.net.SocketException: Permission denied: no further information; Host Details : local host is: "MININT-FNANLI5<*>"; destination host is: "msra-sa-<*>":<*>;,,
653,Hadoop,E198,JobHistoryEventHandler notified that forceJobCompletion is <*>,,
654,Hadoop,E199,Killing <*> because it is running on unusable node: <*>,sadness,negative
655,Hadoop,E200,"Kind: mapreduce.job, Service: job_<*>_<*>, Ident: <*>",,
656,Hadoop,E201,kvstart = <*>(<*>); kvend = <*>(<*>); length = <*>/<*>,,
657,Hadoop,E202,kvstart = <*>; length = <*>,,
658,Hadoop,E203,"Last retry, killing attempt_<*>",,
659,Hadoop,E204,Map output collector class = org.apache.hadoop.mapred.MapTask$MapOutputBuffer,,
660,Hadoop,E205,"MapCompletionEvents reques2015-<*>-<*> <*>:<*>:<*>,<*> INFO [main] org.apache.hadoop.metrics2.impl.MetricsConfig: loaded properties from hadoop-metrics2.properties",,
661,Hadoop,E206,"mapred.skip.on is deprecated. Instead, use mapreduce.job.skiprecords",,
662,Hadoop,E207,mapreduce.cluster.local.dir for child: /tmp/hadoop-msrabi/nm-local-dir/usercache/msrabi/appcache/application_<*>_<*>,,
663,Hadoop,E208,mapreduce.task.io.sort.mb: <*>,,
664,Hadoop,E209,MapTask metrics system started,,
665,Hadoop,E210,MapTask metrics system shutdown complete.,,
666,Hadoop,E211,"maxContainerCapability: <memory:<*>, vCores:<*>>",,
667,Hadoop,E212,maxTaskFailuresPerNode is <*>,,
668,Hadoop,E213,"MergerManager: memoryLimit=<*>, maxSingleShuffleLimit=<*>, mergeThreshold=<*>, ioSortFactor=<*>, memToMemMergeOutputsThreshold=<*>",,
669,Hadoop,E214,"Merging <*> segments, <*> bytes from memory into reduce",,
670,Hadoop,E215,"Merging <*> files, <*> bytes from disk",,
671,Hadoop,E216,Merging <*> sorted segments,,
672,Hadoop,E217,Merging <*> intermediate segments out of a total of <*>,,
673,Hadoop,E218,Moved tmp to done: hdfs://<*>,,
674,Hadoop,E219,no further information,,
675,Hadoop,E220,Notify <*> isAMLastRetry: <*>,,
676,Hadoop,E221,Preempting attempt_<*>_<*>_r_<*>_<*>,,
677,Hadoop,E222,Previous history file is at hdfs://<*>,,
678,Hadoop,E223,Process Thread Dump: Communication exception,,
679,Hadoop,E224,Processing split: <*>,,
680,Hadoop,E225,ProcfsBasedProcessTree currently is supported only on Linux.,,
681,Hadoop,E226,Ramping down all scheduled reduces:<*>,,
682,Hadoop,E227,Ramping up <*>,,
683,Hadoop,E228,Read <*> bytes from map-output for attempt_<*>,,
684,Hadoop,E229,Read completed tasks from history <*>,,
685,Hadoop,E230,Read from history task task_<*>,,
686,Hadoop,E231,"Recovering task task_<*> from prior app attempt, status was SUCCEEDED",joy,positive
687,Hadoop,E232,Recovery is enabled. Will try to recover from previous life on best effort basis.,,
688,Hadoop,E233,Reduce preemption successful attempt_<*>,joy,positive
689,Hadoop,E234,ReduceTask metrics system shutdown complete.,,
690,Hadoop,E235,ReduceTask metrics system started,,
691,Hadoop,E236,"Releasing unassigned and invalid container Container: [ContainerId: container_<*>, NodeId: <*> NodeHttpAddress: <*> Resource: <memory:<*>, vCores:<*>>, Priority: <*>, Token: Token { kind: ContainerToken, service: <*> }, ]. RM may have assignment issues",,
692,Hadoop,E237,Reporting fetch failure for attempt_<*> to jobtracker.,,
693,Hadoop,E238,Result of canCommit for attempt_<*>:true,,
694,Hadoop,E239,RMCommunicator notified that shouldUnregistered is: <*>,,
695,Hadoop,E240,Runnning cleanup for the task,,
696,Hadoop,E241,Saved output of task 'attempt_<*>' to <*>,,
697,Hadoop,E242,Service <*> failed in state STOPPED; cause: org.apache.avro.AvroTypeException: Attempt to process a enum when a union was expected.,surprise,negative
698,Hadoop,E243,Service <*> failed in state STOPPED; cause: org.apache.hadoop.yarn.exceptions.YarnRuntimeException: java.net.NoRouteToHostException: No Route to Host from MININT-FNANLI5<*> to msra-sa-<*>:<*> failed on socket timeout exception: java.net.NoRouteToHostException: No route to host: no further information; For more details see: http://wiki.apache.org/hadoop/NoRouteToHost,,
699,Hadoop,E244,Service <*> failed in state STOPPED; cause: org.apache.hadoop.yarn.exceptions.YarnRuntimeException: java.nio.channels.ClosedChannelException,,
700,Hadoop,E245,"session.id is deprecated. Instead, use dfs.metrics.session-id",,
701,Hadoop,E246,Setting job diagnostics to,,
702,Hadoop,E247,Shuffle failed : local error on this node: <*>,,
703,Hadoop,E248,Skipping cleaning up the staging dir. assuming AM will be retried.,,
704,Hadoop,E249,Sleeping for 0ms before retrying again. Got null now.,,
705,Hadoop,E250,Socket Reader #<*> for port <*>: readAndProcess from client <*> threw exception [java.io.IOException: An existing connection was forcibly closed by the remote host],,
706,Hadoop,E251,soft limit at <*>,,
707,Hadoop,E252,Spilling map output,,
708,Hadoop,E253,Starting flush of map output,,
709,Hadoop,E254,Stopped JobHistoryEventHandler. super.stop(),,
710,Hadoop,E255,Stopping IPC Server listener on <*>,,
711,Hadoop,E256,Stopping IPC Server Responder,,
712,Hadoop,E257,Stopping JobHistoryEventHandler. Size of the outstanding queue size is <*>,,
713,Hadoop,E258,Stopping <*> metrics system...,,
714,Hadoop,E259,Stopping server on <*>,,
715,Hadoop,E260,Successfully connected to <*> for BP-<*>-<*><*>:blk_<*>_<*>,joy,positive
716,Hadoop,E261,Task <*> done.,,
717,Hadoop,E262,Task <*> done.,,
718,Hadoop,E263,Task attempt_<*> is allowed to commit now,,
719,Hadoop,E264,Task attempt_<*> failed : org.apache.hadoop.fs.FSError: java.io.IOException: There is not enough space on the disk,,
720,Hadoop,E265,Task cleanup failed for attempt attempt_<*>_<*>_m_<*>_<*>,,
721,Hadoop,E266,Task succeeded with attempt <*>,joy,positive
722,Hadoop,E267,Task: attempt_<*> - exited : org.apache.hadoop.util.DiskChecker$DiskErrorException: Could not find any valid local directory for output/attempt_<*>/file.out,,
723,Hadoop,E268,Task: attempt_<*> - failed due to FSError: java.io.IOException: There is not enough space on the disk,,
724,Hadoop,E269,Task: attempt_<*> - exited : org.apache.hadoop.mapreduce.task.reduce.Shuffle$ShuffleError: error in shuffle in fetcher#<*>,,
725,Hadoop,E270,Task: attempt_<*> - exited : java.io.IOException: Spill failed,,
726,Hadoop,E271,Task: attempt_<*> - exited : java.io.IOException: There is not enough space on the disk,,
727,Hadoop,E272,Task:attempt_<*> is done. And is in the process of committing,,
728,Hadoop,E273,TaskAttempt killed because it ran on unusable node <*> AttemptId:attempt_<*>,sadness,negative
729,Hadoop,E274,TaskHeartbeatHandler thread interrupted,,
730,Hadoop,E275,"Unable to parse prior job history, aborting recovery",,
731,Hadoop,E276,Using ResourceCalculatorProcessTree : <*>,,
732,Hadoop,E277,Using ShuffleConsumerPlugin: <*>,,
733,Hadoop,E278,Waiting for application to be successfully unregistered.,,
734,Hadoop,E279,We are finishing cleanly so this is the last retry,,
735,Hadoop,E280,When stopping the service JobHistoryEventHandler : org.apache.avro.AvroTypeException: Attempt to process a enum when a union was expected.,surprise,negative
736,Hadoop,E281,When stopping the service JobHistoryEventHandler : org.apache.hadoop.yarn.exceptions.YarnRuntimeException: java.net.NoRouteToHostException: No Route to Host from MININT-FNANLI5<*> to msra-sa-<*>:<*> failed on socket timeout exception: java.net.NoRouteToHostException: No route to host: no further information; For more details see: http://wiki.apache.org/hadoop/NoRouteToHost,,
737,Hadoop,E282,When stopping the service JobHistoryEventHandler : org.apache.hadoop.yarn.exceptions.YarnRuntimeException: java.nio.channels.ClosedChannelException,,
738,Thunderbird,E1,(C) <*>-<*> Netfilter core team,,
739,Thunderbird,E2,(root) CMD (/projects/tbird/temps/get_temps <*>),,
740,Thunderbird,E3,(root) CMD (run-parts /etc/cron.hourly),,
741,Thunderbird,E4,(supports <*>),,
742,Thunderbird,E5,... autorun DONE.,,
743,Thunderbird,E6,[ib_sm_sweep.c:1455]: No topology change,,
744,Thunderbird,E7,[ib_sm_sweep.c:1482]: No configuration change required,,
745,Thunderbird,E8,[ib_sm_sweep.c:1831]: ********************** NEW SWEEP ********************,,
746,Thunderbird,E9,<*> (Release Date: <*> <*>),,
747,Thunderbird,E10,<*> (v001 DELL PE BKC <*> MSFT <*>) @ <*>,,
748,Thunderbird,E11,<*> <*>.<*> <*>/<*>/<*> <*>:<*>:<*> ak Exp $,,
749,Thunderbird,E12,"<*> AUX port at <*>,<*> irq <*>",,
750,Thunderbird,E13,"<*> KBD port at <*>,<*> irq <*>",,
751,Thunderbird,E14,<*>.<*>.<*>-ioctl (<*><*><*>) initialised: #<*>#@#<*>#,,
752,Thunderbird,E15,"<*>: from=root, size=<*>, class=<*>, nrcpts=<*>, msgid=<<*>>, relay=#<*>#@localhost",,
753,Thunderbird,E16,"<*>: to=root, ctladdr=root (0/0), delay=<*>:<*>:<*>, xdelay=<*>:<*>:<*>, mailer=relay, pri=<*>, relay=[<*>] [<*>], dsn=<*>.<*>.<*>, stat=Deferred: Connection refused by [<*>]",,
754,Thunderbird,E17,allocating divert_blk for eth<*>,,
755,Thunderbird,E18,"apic_id <*>, version <*>, address <*>, GSI <*>",,
756,Thunderbird,E19,asking for cache data failed,,
757,Thunderbird,E20,Assuming <*>MHz system bus speed for PIO modes; override with idebus=xx,,
758,Thunderbird,E21,assuming drive cache: write through,,
759,Thunderbird,E22,Autodetecting RAID arrays.,,
760,Thunderbird,E23,autorun ...,,
761,Thunderbird,E24,Cannot open file /dev/logsurfer for writing (No such file or directory),,
762,Thunderbird,E25,CentOS-<*> (Kernel Module GPG key),,
763,Thunderbird,E26,Changing permissions on special file /dev/logsurfer,,
764,Thunderbird,E27,colour VGA+ <*>,,
765,Thunderbird,E28,Compressed image found at block <*>,,
766,Thunderbird,E29,connection from "#<*>#",,
767,Thunderbird,E30,connection lost: 'Connection closed.',,
768,Thunderbird,E31,Creating Topspin /dev entries:,,
769,Thunderbird,E32,data_thread() got not answer from any [Thunderbird_<*>] datasource,,
770,Thunderbird,E33,Detected <*>.<*> MHz processor.,,
771,Thunderbird,E34,"Device: /dev/sda, Temperature changed <*> Celsius to <*> Celsius since last report",,
772,Thunderbird,E35,DHCPACK on <*> to <*> via eth1,,
773,Thunderbird,E36,DHCPDISCOVER from <*> via eth1,,
774,Thunderbird,E37,DHCPDISCOVER from <*> via eth1: network A_net: no free leases,,
775,Thunderbird,E38,DHCPOFFER on <*> to <*> via eth1,,
776,Thunderbird,E39,DHCPREQUEST for <*> (<*>) from <*> via eth1,,
777,Thunderbird,E40,DHCPREQUEST for <*> (<*>) from <*> via eth1: unknown lease <*>.,,
778,Thunderbird,E41,Direct-Access ANSI SCSI revision: <*>,,
779,Thunderbird,E42,Disabled at runtime.,,
780,Thunderbird,E43,Disk quotas dquot_<*>.<*>.<*>,,
781,Thunderbird,E44,error: Bind to port <*> on <*> failed: Address already in use.,,
782,Thunderbird,E45,eth<*>: <*>: Intel(R) PRO/<*> Network Connection,,
783,Thunderbird,E46,eth0: <*>: NIC Link is Up <*> Mbps Full Duplex,,
784,Thunderbird,E47,fw version:[<*>] bios version:[<*>],,
785,Thunderbird,E48,gmetad startup succeeded,joy,positive
786,Thunderbird,E49,Hash tables configured (established <*> bind <*>),,
787,Thunderbird,E50,HPET id: <*> base: <*>,,
788,Thunderbird,E51,initialized,,
789,Thunderbird,E52,initializing netlink socket (disabled),,
790,Thunderbird,E53,Initializing.,,
791,Thunderbird,E54,Installing public key data,,
792,Thunderbird,E55,INT_SRC_OVR (bus <*> bus_irq <*> global_irq <*> dfl dfl),,
793,Thunderbird,E56,INT_SRC_OVR (bus <*> bus_irq <*> global_irq <*> high level),,
794,Thunderbird,E57,Intel(R) Xeon(TM) CPU <*> stepping <*>,,
795,Thunderbird,E58,Interpreter enabled,,
796,Thunderbird,E59,IOAPIC (id[<*>] address[<*>] gsi_base[<*>]),,
797,Thunderbird,E60,IRQ<*> used by override.,,
798,Thunderbird,E61,kernel time sync disabled <*>,,
799,Thunderbird,E62,kernel time sync enabled <*>,,
800,Thunderbird,E63,L2 cache: <*>K,,
801,Thunderbird,E64,LAPIC (acpi_id[<*>] lapic_id[<*>] enabled),,
802,Thunderbird,E65,LAPIC_NMI (acpi_id[<*>] high edge lint[<*>]),,
803,Thunderbird,E66,Local APIC address <*>,,
804,Thunderbird,E67,Local disconnected: Connection closed.,,
805,Thunderbird,E68,LSI Logic MegaRAID driver,,
806,Thunderbird,E69,"md driver <*>.<*>.<*> MAX_MD_DEVS=<*>, MD_SB_DISKS=<*>",,
807,Thunderbird,E70,MegaRAID Model: LD <*> RAID1 <*> Rev: <*>,,
808,Thunderbird,E71,mounted filesystem with ordered data mode.,,
809,Thunderbird,E72,Mounted root (ext2 filesystem).,,
810,Thunderbird,E73,Mounting NFS filesystems: succeeded,joy,positive
811,Thunderbird,E74,Mounting other filesystems: failed,,
812,Thunderbird,E75,My unqualified host name (<*>) unknown; sleeping for retry,,
813,Thunderbird,E76,no floppy controllers found,,
814,Thunderbird,E77,not allocating divert_blk for non-ethernet device <*>,,
815,Thunderbird,E78,Now running on #<*>#'s privileges.,,
816,Thunderbird,E79,passed.,,
817,Thunderbird,E80,PCI Hot Plug PCI Core version: <*>.<*>,,
818,Thunderbird,E81,"PCI interrupt <*> -> GSI <*> (level, low) -> IRQ <*>",,
819,Thunderbird,E82,PCI Interrupt Link [<*>] (IRQs <*> <*> <*> <*> <*> <*> <*> <*>) *<*>,,
820,Thunderbird,E83,PCI Interrupt Link [<*>] (IRQs <*> <*> <*> <*> <*> <*> *<*> <*>),,
821,Thunderbird,E84,"PCI Interrupt Link [<*>] (IRQs <*> <*> <*> <*> <*> <*> <*> <*>) *<*>, disabled.",,
822,Thunderbird,E85,PCI Interrupt Routing Table [<*>],,
823,Thunderbird,E86,PCI Root Bridge [PCI0] (<*>:<*>),,
824,Thunderbird,E87,PE/PV Model: <*> SCSI BP Rev: <*>.<*>,,
825,Thunderbird,E88,Physical Processor ID: <*>,,
826,Thunderbird,E89,portmap startup succeeded,joy,positive
827,Thunderbird,E90,Power Button (FF) [PWRF],,
828,Thunderbird,E91,probe new device <*>:<*>:<*>:<*>: bus <*>:slot <*>:func <*>,,
829,Thunderbird,E92,probe of vesafb0 failed with error <*>,,
830,Thunderbird,E93,Probing PCI hardware (bus <*>),,
831,Thunderbird,E94,Processor [CPU<*>] (supports C1),,
832,Thunderbird,E95,Processor ANSI SCSI revision: <*>,,
833,Thunderbird,E96,PS/<*> mouse device common for all mice,,
834,Thunderbird,E97,Reading included configuration file: <*> [file=<*>] [line=<*>],,
835,Thunderbird,E98,Received SNMP packet(s) from #<*>#,,
836,Thunderbird,E99,registered new driver hiddev,,
837,Thunderbird,E100,registered new driver hub,,
838,Thunderbird,E101,registered new driver usbfs,,
839,Thunderbird,E102,registered new driver usbhid,,
840,Thunderbird,E103,Registered protocol family <*>,,
841,Thunderbird,E104,Registering netfilter hooks,,
842,Thunderbird,E105,Registering secondary module capability,,
843,Thunderbird,E106,removing <*>,,
844,Thunderbird,E107,RNG not detected,,
845,Thunderbird,E108,"root=LABEL=/ initrd=/<*> console=<*> console=<*>,<*> fastboot BOOT_IMAGE=<*>",,
846,Thunderbird,E109,"routing cache hash table of <*> buckets, <*>Kbytes",,
847,Thunderbird,E110,rpc.statd startup succeeded,joy,positive
848,Thunderbird,E111,RRD_update (/var/lib/ganglia/rrds/<*>.rrd): illegal attempt to update using time <*> when last update time is <*> (minimum one second step),,
849,Thunderbird,E112,RSDP (<*> DELL ) @ <*>,,
850,Thunderbird,E113,scanning scsi channel <*> [Phy <*>] for non-raid devices,,
851,Thunderbird,E114,scanning scsi channel <*> [virtual] for logical drives,,
852,Thunderbird,E115,sda1 sda2 sda3 sda4,,
853,Thunderbird,E116,Server listening on :: port <*>.,,
854,Thunderbird,E117,session closed for user root,,
855,Thunderbird,E118,session opened for user root by (uid=0),,
856,Thunderbird,E119,START: tftp pid=<*> from=<*>,,
857,Thunderbird,E120,Started working: <*> available service,,
858,Thunderbird,E121,Starting in permissive mode,,
859,Thunderbird,E122,Starting ts_fixup: succeeded,joy,positive
860,Thunderbird,E123,Subsystem revision <*>,,
861,Thunderbird,E124,succeeded,joy,positive
862,Thunderbird,E125,"synchronized to <*>, stratum <*>",,
863,Thunderbird,E126,syslog-ng startup succeeded,joy,positive
864,Thunderbird,E127,syslog-ng version <*>.<*>.<*> starting,,
865,Thunderbird,E128,time reset +<*>.<*> s,,
866,Thunderbird,E129,"Trace cache: <*> uops, L1 D cache: <*>",,
867,Thunderbird,E130,Transparent bridge - <*>,,
868,Thunderbird,E131,unable to qualify my own domain name (<*>) -- using short name,,
869,Thunderbird,E132,Unknown cmd fd(<*>) cmd(<*>){<*>} arg(<*>) on /dev/sda,,
870,Thunderbird,E133,Unregistering netfilter hooks,,
871,Thunderbird,E134,"User #<*>#, coming from #<*>#, authenticated.",,
872,Thunderbird,E135,Using <*>.<*> MHz HPET timer.,,
873,Thunderbird,E136,Using ACPI for IRQ routing,,
874,Thunderbird,E137,Using configuration type <*>,,
875,Thunderbird,E138,Using HPET based timekeeping.,,
876,Thunderbird,E139,Using IOAPIC for interrupt routing,,
877,Thunderbird,E140,Using MMCONFIG at <*>,,
878,Thunderbird,E141,Using software bounce buffering for IO (SWIOTLB),,
879,Thunderbird,E142,v<*>.<*> (<*>),,
880,Thunderbird,E143,v<*>.<*>:USB HID core driver,,
881,Thunderbird,E144,Version <*>.<*>.<*> Starting,,
882,Thunderbird,E145,Wait for ready failed before probe !,,
883,Thunderbird,E146,Warning: we failed to resolve data source name <*>,,
884,Thunderbird,E147,Warning: we failed to resolve trusted host name <*>,,
885,Thunderbird,E148,xinetd startup succeeded,joy,positive
886,Thunderbird,E149,xinetd Version <*>.<*>.<*> started with libwrap loadavg options compiled in.,,
